Timestamp,Beta
1.5,0.0003107214146885493
1.59,0.00032940724059630464
1.66,0.0003363368714280971
1.74,0.0003620149908212762
1.82,0.0003929445410341542
1.9,0.00042604703053967965
1.98,0.000478596282575952
2.06,0.0005365487667547859
2.14,0.0006141950475113607
2.22,0.0006520531876333501
2.3,0.0007404732194651554
2.38,0.00078679834111485
2.46,0.0008280250831344863
2.54,0.0008745825058227988
2.62,0.0009178162093459677
2.7,0.0009865226945148353
2.79,0.0010744388685450796
2.86,0.0011526145931050388
2.95,0.001243699704935075
3.02,0.0013257696251859344
3.1,0.0014288861360888284
3.19,0.0014888013788011381
3.26,0.0015849110215274747
3.35,0.0016885947816645745
3.42,0.001795213118864327
3.51,0.0019484600603894024
3.59,0.00203180577713974
3.67,0.00213926564825488
3.75,0.0022447122512724463
3.83,0.0023352806421235483
3.91,0.002423697899470381
3.99,0.002531680882494212
4.07,0.0026424541304595492
4.15,0.002769368392104053
4.23,0.002888257876597888
4.31,0.0029910328219056466
4.39,0.003061612793864405
4.47,0.003243745454394
4.55,0.0033455677721163537
4.63,0.003463423902053155
4.71,0.003580422191240748
4.79,0.0035861883832292527
4.87,0.00378581446317465
4.95,0.0038860633376238797
5.03,0.003955326923410077
5.11,0.004066817436315988
5.19,0.004094029722980753
5.27,0.004164882196900598
5.35,0.004254291510206737
5.43,0.004332060367493794
5.51,0.00438074056320285
5.6,0.0044377722864700235
5.67,0.004479082176987278
5.76,0.0045611672098179595
5.83,0.004582633308081526
5.91,0.00458110151832807
6.0,0.004615481365724925
6.07,0.004635398069461014
6.16,0.004556373373252619
6.23,0.004646619312888693
6.32,0.004637174128699083
6.4,0.004609171723463977
6.48,0.004614102787440556
6.56,0.004542197814142746
6.64,0.004540912600481807
6.72,0.004492700089000795
6.8,0.004459532126153947
6.88,0.004427853571454999
6.96,0.004372784657954545
7.04,0.004319893529633686
7.12,0.004294703526272829
7.2,0.004276134067900887
7.28,0.0042369678803394865
7.36,0.004224952380792803
7.44,0.004207668127383581
7.52,0.004235031719210027
7.6,0.004281617926632991
7.68,0.004332512181111109
7.76,0.004403516159408557
7.84,0.004505337725743754
7.92,0.004677739582840989
8.0,0.0047710725538868196
8.08,0.0049603322621000175
8.16,0.005185255766307045
8.24,0.005409679714773125
8.32,0.005684755866220292
8.41,0.005982269610208641
8.48,0.006273537512004955
8.56,0.006598816904533333
8.64,0.006961118731183832
8.72,0.007301965960831469
8.81,0.00768847834509851
8.88,0.00808338109647772
8.97,0.008501939664672662
9.05,0.008981696097283918
9.13,0.00939135257454982
9.21,0.009914734027983308
9.29,0.01035015087747361
9.37,0.010808162830834342
9.45,0.011281566423008925
9.53,0.011801399539901315
9.61,0.012297170360608074
9.69,0.012844735957680153
9.77,0.013325282996362747
9.85,0.013802960522281069
9.93,0.014382742841934134
10.01,0.014871291066060926
10.09,0.015347966249596456
10.17,0.015874040883848504
10.25,0.016421913058942222
10.33,0.01695326419670902
10.41,0.017438281658360266
10.49,0.01795145410444648
10.57,0.018488178554707253
10.65,0.018880057765575126
10.73,0.019356550890755775
10.81,0.019827309900582752
10.89,0.020362946731969
10.97,0.020833774252836106
11.06,0.021159673783509185
11.13,0.0216803205737339
11.21,0.022108691793909712
11.29,0.022473596773878765
11.37,0.022946650850766397
11.46,0.023290637093386135
11.53,0.023697675285426288
11.62,0.024062540748399017
11.69,0.024393351656363263
11.78,0.024729087514265394
11.86,0.025083528831491807
11.94,0.025223981299873077
12.02,0.025567309435036396
12.1,0.025723602577956507
12.18,0.025920956709106498
12.26,0.026080963912914493
12.34,0.026158313446980566
12.42,0.026293424232827267
12.5,0.026504517986421963
12.58,0.026611129960748436
12.66,0.026665858004479348
12.74,0.026667907681342858
12.82,0.026628836906865877
12.9,0.02668143477582556
12.98,0.026678148528074187
13.06,0.026583657793279977
13.14,0.02664867318071347
13.22,0.026387111377657604
13.3,0.0263727223349271
13.38,0.02632068154770358
13.46,0.02614049519108834
13.54,0.02609076619892186
13.62,0.025934040113068477
13.7,0.02576565066093383
13.78,0.025597637166798144
13.87,0.02555543473823586
13.94,0.02540864511729104
14.02,0.02531828087371189
14.1,0.025263232063442758
14.18,0.02515064207383396
14.27,0.025129790557889307
14.34,0.025058657071316243
14.43,0.025170037081617663
14.5,0.02517629546355826
14.59,0.025281975159107288
14.67,0.025463977818836428
14.75,0.025597142845711674
14.83,0.02588577597442937
14.91,0.02608606239287179
14.99,0.026504434781321164
15.07,0.026961788918580518
15.15,0.02743305317274356
15.23,0.02799167657509386
15.31,0.028439052852285502
15.39,0.029133059081650706
15.47,0.029878996621914893
15.55,0.0306456955266971
15.63,0.031403643794763694
15.71,0.03218409985778305
15.79,0.03299565025887724
15.87,0.033965257817144635
15.95,0.03499996862039141
16.03,0.03600430112650084
16.11,0.03715620031085023
16.19,0.03801811219485447
16.27,0.039119711171549984
16.35,0.04024758749355661
16.43,0.04153466269670225
16.51,0.042546381129843706
16.59,0.043864686179134825
16.67,0.04502568332180876
16.75,0.04622859405027745
16.83,0.04753083748010306
16.92,0.048753145822400944
16.99,0.04997336940488059
17.08,0.051226644602304985
17.15,0.05234454962941829
17.24,0.053703654299295
17.32,0.055051168623638624
17.4,0.05611300159389241
17.48,0.057393921896696024
17.56,0.05856547196699329
17.64,0.059751517467476076
17.72,0.06099156302318257
17.8,0.06210042419353598
17.88,0.06336673371502204
17.96,0.06460134808944883
18.04,0.06548837196488749
18.12,0.06673688193486485
18.2,0.06765252874961723
18.28,0.06876365862739024
18.36,0.06969777244162939
18.44,0.07056742375565615
18.52,0.0716627329262125
18.6,0.07242315757056825
18.68,0.07325382275512725
18.76,0.07411950920272452
18.84,0.07490043908603354
18.92,0.07556875237794296
19.0,0.07633510831736932
19.08,0.07693635037772434
19.16,0.07760908778118063
19.24,0.07819176339490361
19.32,0.07874583071607497
19.4,0.0788934803194785
19.48,0.0794194804651693
19.56,0.07982377479043787
19.65,0.08002660539120639
19.73,0.08038379325623235
19.8,0.08049202331231103
19.89,0.08054631192049129
19.96,0.08057975454133039
20.05,0.08064734063905653
20.13,0.08069144887245092
20.21,0.0806308714258877
20.29,0.08072871900045506
20.36,0.08046866097678818
20.45,0.08029980013184722
20.53,0.0799557427517572
20.61,0.07987555163957225
20.69,0.0796197546588354
20.77,0.07912539665316208
20.85,0.07892672909884481
20.93,0.07882733104349768
21.01,0.07812418025193682
21.09,0.07825441081233962
21.17,0.07774569787980595
21.25,0.07731650796735688
21.33,0.07701793568597166
21.41,0.0769219917799666
21.49,0.07665604763443816
21.57,0.07633480768797907
21.65,0.07641214201866453
21.73,0.07599216904352508
21.81,0.07620944076250082
21.89,0.07625643485314337
21.97,0.07611681485126284
22.05,0.07645027991525341
22.13,0.07654815000217673
22.21,0.07684314355521726
22.29,0.07706133695234561
22.37,0.0774954844488836
22.45,0.07809035270288833
22.54,0.07880431498332505
22.61,0.0794832887923209
22.7,0.08034746355441037
22.77,0.08133537303937893
22.86,0.08234684946452314
22.94,0.08321457434152893
23.01,0.08453215339576614
23.1,0.08580441099976915
23.17,0.08719960734287574
23.26,0.08845104854339556
23.34,0.08989645573088348
23.42,0.0914951527926155
23.5,0.09335918910987001
23.58,0.09488938800768132
23.66,0.09647473444033544
23.74,0.09804644499230544
23.82,0.09996792701616876
23.9,0.10186268411639254
23.98,0.10375857972954729
24.06,0.10586702495309548
24.14,0.10747846913994183
24.22,0.109502153280814
24.3,0.11175446619572817
24.38,0.11359200769171515
24.46,0.11565268701784778
24.54,0.11768701515947477
24.62,0.1194107859193154
24.7,0.12177244354779881
24.78,0.12359644164978939
24.86,0.1258367602836149
24.94,0.12781968031651184
25.02,0.12959221318891184
25.1,0.13170560906856726
25.19,0.13361991705165924
25.26,0.13550173197649312
25.35,0.1374421265984899
25.42,0.1390865272381954
25.51,0.14114216253753528
25.59,0.14273098029734682
25.66,0.14423077975721607
25.75,0.14597675772965646
25.82,0.1481599087612105
25.91,0.14904987815517046
25.99,0.151183935854508
26.07,0.15286273152289045
26.15,0.15342964579738447
26.23,0.15489512950584294
26.31,0.1569665102407547
26.39,0.1582273814957124
26.47,0.15912627569234142
26.55,0.16024217649608063
26.63,0.16148794114005463
26.71,0.16223385354499986
26.79,0.16301123190412387
26.87,0.16422770829621752
26.95,0.1645922871341289
27.03,0.16483134494729124
27.11,0.1656343515822657
27.19,0.1660092170673751
27.27,0.16611266303765063
27.35,0.16626369694173995
27.43,0.16642243235428977
27.51,0.16616522851997317
27.59,0.1668152419992067
27.68,0.16676275459932635
27.75,0.1664941489170472
27.83,0.16615936677158477
27.91,0.1660593113345008
28.0,0.16566170454222945
28.07,0.16508220554094274
28.16,0.1646727086429206
28.23,0.16402089638032638
28.32,0.16318177238887496
28.4,0.16305508152335804
28.47,0.16261106976003556
28.56,0.16173245581791962
28.63,0.16136961284750273
28.72,0.16072178833431383
28.8,0.16011877372041264
28.88,0.1593192818872963
28.96,0.15853713537556302
29.04,0.1580097050856311
29.12,0.15782294282575746
29.2,0.1571241340040241
29.28,0.1561494765235284
29.36,0.15629198036579145
29.44,0.15606479477937504
29.52,0.1555715924224563
29.6,0.15522902606149958
29.68,0.15544732083223892
29.76,0.15503683895190118
29.84,0.15577520244718296
29.92,0.15597882102611976
30.0,0.15562878560292132
30.08,0.15596261151090873
30.16,0.1567041004853371
30.24,0.15712914536294412
30.32,0.15786400757893898
30.4,0.15886415777270127
30.48,0.15956626243262576
30.56,0.16100639722445903
30.64,0.16186578604545424
30.72,0.16281548659850212
30.81,0.1641999300733339
30.88,0.16575429571012545
30.97,0.16753975828996337
31.04,0.16940765464066204
31.12,0.1709895204934869
31.21,0.17254387361737802
31.28,0.17503252285415466
31.37,0.1770148709733749
31.44,0.17919046500546296
31.53,0.1812972077583294
31.61,0.18330759060408605
31.69,0.18532719700704664
31.77,0.1877016284521202
31.85,0.19019748353314206
31.93,0.19198307979698798
32.01,0.19498292632291783
32.09,0.19718687167811635
32.17,0.19937135215853455
32.25,0.20208881668803966
32.33,0.20416087158812418
32.41,0.20699139039658476
32.49,0.20937370778414893
32.57,0.21144520177263532
32.65,0.21401211834989503
32.73,0.21646703494435907
32.81,0.2189189907682614
32.89,0.2208862948297228
32.97,0.2236944858481333
33.05,0.2259270745042422
33.13,0.22811806251330502
33.21,0.22994803263645885
33.29,0.23206475020097633
33.37,0.23450510871541128
33.46,0.23729614337737925
33.53,0.23869077368529584
33.62,0.2410147481748116
33.69,0.24261914426639725
33.77,0.2445390656432455
33.86,0.24634808113998294
33.93,0.24854842088490273
34.02,0.24932649519432423
34.09,0.2515643977090195
34.18,0.2531810220248838
34.26,0.25448706111707664
34.34,0.25584806411431965
34.42,0.2567178413850908
34.5,0.2574483318704506
34.58,0.2586935119884634
34.66,0.2599252015701071
34.74,0.2609740634931443
34.82,0.26091855890703
34.9,0.26111923390537856
34.98,0.26138846641353325
35.06,0.2617731420482714
35.14,0.262163618476783
35.22,0.2615001262423089
35.3,0.2618499336366083
35.38,0.2615923417273061
35.46,0.26133824907264497
35.54,0.26066555557752713
35.62,0.26037004369826994
35.7,0.26004352634026495
35.78,0.2586597342401484
35.86,0.2581851316791197
35.94,0.25774909845470795
36.02,0.25693427781954187
36.1,0.2564989470709724
36.18,0.2550153555823836
36.27,0.2540568973282387
36.34,0.25309895105311064
36.42,0.2521086233162685
36.5,0.25060144208664215
36.59,0.2495539897208788
36.67,0.2480826959769302
36.74,0.24715588393404242
36.83,0.24654209862711496
36.9,0.2454467407490502
36.99,0.24487265206415007
37.07,0.2434019304540527
37.15,0.2425760472216306
37.23,0.24178534788839157
37.31,0.24089881370932487
37.39,0.23998901693769392
37.47,0.23952440254683416
37.55,0.23890566838854826
37.63,0.23827510269093893
37.71,0.23803755813500177
37.79,0.23803870924173265
37.87,0.2378328717767295
37.95,0.23769877247726232
38.03,0.2378569848598404
38.11,0.23837717195107622
38.19,0.23836742759307125
38.27,0.2390091916624208
38.35,0.23977431299935062
38.43,0.24028698905902757
38.51,0.2407829535969061
38.59,0.24198323888023765
38.67,0.24272787501049217
38.75,0.24378937338965515
38.83,0.24503443599353136
38.91,0.24636075048180214
38.99,0.24763010855540504
39.07,0.24908695022686228
39.15,0.2508917274939272
39.23,0.25210326048784
39.32,0.2534590456417989
39.39,0.255292081255099
39.48,0.2579220011024578
39.55,0.2596255397145919
39.64,0.2612206999964009
39.72,0.2636583361587873
39.8,0.2651808981013349
39.88,0.267972017155143
39.96,0.2698960380055517
40.04,0.2722142629090122
40.12,0.2736252908788437
40.2,0.276130892237766
40.28,0.2784377522845783
40.36,0.28040277481499315
40.44,0.28317682685687284
40.52,0.284988046654384
40.6,0.28753556594662144
40.68,0.28998942220452933
40.76,0.29140131868846864
40.84,0.2939900331740305
40.92,0.2968411364736996
41.0,0.2980796555259565
41.08,0.3004830055116057
41.16,0.30277827112019545
41.24,0.30523400664594574
41.32,0.30650860469401453
41.4,0.30808249256714876
41.48,0.31032067400669106
41.56,0.31252079828658397
41.64,0.31414012264541025
41.73,0.31641648791278765
41.8,0.31881884570644214
41.88,0.3196289760459651
41.96,0.3216237330660925
42.04,0.32334665299273446
42.13,0.32451933772788344
42.2,0.32555855011961454
42.29,0.3268602630508335
42.36,0.3275410439374804
42.45,0.3285674446745358
42.53,0.3302516773288925
42.61,0.3299923045123035
42.69,0.33086080499468756
42.77,0.3306631798926417
42.85,0.3308979496543275
42.93,0.3317677015424482
43.01,0.33041135395150556
43.09,0.33077680107217566
43.17,0.3302155057817984
43.25,0.3298821857885917
43.33,0.32959068516902507
43.41,0.3286264786422279
43.49,0.3279264694318539
43.57,0.32674405564983156
43.65,0.325689103904481
43.73,0.32456224001686895
43.81,0.32361154640428214
43.89,0.32306649692093936
43.97,0.321802502153894
44.05,0.32061192399355715
44.14,0.318752380547243
44.21,0.3174366653755029
44.29,0.315651751274704
44.37,0.3143737123317625
44.45,0.31277201272454846
44.54,0.31164750824087895
44.61,0.3097239129878576
44.7,0.30763965508761093
44.77,0.3064098788520069
44.85,0.3047746847648557
44.94,0.3029126625335531
45.01,0.30211368896460655
45.1,0.3008494902154682
45.17,0.29902819348355864
45.26,0.2981499467754952
45.34,0.2967971470211247
45.41,0.2956330622800323
45.5,0.29455240667662314
45.58,0.2934745955825092
45.66,0.29252721036225127
45.74,0.2906871788355829
45.82,0.2903859436069298
45.9,0.2899698434534009
45.98,0.28919618529483193
46.06,0.288900351650718
46.14,0.28849361935600915
46.22,0.2883553872481853
46.3,0.287777920992644
46.38,0.2879814570498045
46.46,0.287984041973244
46.54,0.2880724071856098
46.62,0.28802679244210394
46.7,0.28814556107162514
46.78,0.2887018446374812
46.86,0.28957908175241776
46.94,0.2899647573776821
47.02,0.2904308432202584
47.1,0.2915705561074121
47.19,0.2926848761828626
47.26,0.29285843671441253
47.34,0.29416265600596986
47.42,0.32714422778041186
47.5,0.33969273554998486
47.59,0.35236941123275456
47.66,0.369443350869808
47.75,0.3833227629260806
47.82,0.4027776428222456
47.91,0.4217339214520692
47.99,0.4443035638635571
48.07,0.4694326296615996
48.15,0.4810918286731739
48.22,0.5154724404690868
48.31,0.5277765165037612
48.39,0.5360075543060216
48.47,0.5359033752938515
48.55,0.5336378542158757
48.63,0.5477105169052873
48.71,0.5620268413571314
48.79,0.5671036937299493
48.87,0.5826264686626761
48.95,0.5896177593318865
49.03,0.6067859931860602
49.11,0.5993268171040634
49.19,0.60240000409161
49.27,0.6092211988798394
49.35,0.6159502568319433
49.43,0.6433452514289514
49.51,0.6414709458225186
49.59,0.2802993003393343
49.67,0.2647670510570097
49.75,0.2608818997755142
49.83,0.23075434032714004
49.91,0.2142886651470903
49.99,0.19668520058818814
50.07,0.16973979818475637
50.15,0.13415728291838264
50.23,0.08486223731049702
50.31,0.0675956562424514
50.4,0.0481287818746257
50.47,0.04883396546769306
50.56,0.07417181895638085
50.63,0.0995968267070071
50.72,0.06851339072900002
50.8,0.11651493995681313
50.88,0.10040370522023144
50.96,0.10129006522467042
51.03,0.08511423113269942
51.12,0.06972099898356496
51.2,0.03012904433276313
51.28,0.07851773765076787
51.36,0.07820393630509426
51.44,0.07032570027354154
51.52,0.05294781134896208
51.6,0.017565095977954963
51.68,0.039530064388565184
51.76,0.03143470290122653
51.84,0.03161240849428766
51.92,0.03542572265168878
52.0,0.05828788617340521
52.09,0.023915202010661545
52.16,0.06369074809995232
52.24,0.04786008323955753
52.32,0.04742060859081075
52.4,0.04689440592023085
52.48,0.07020324720708111
52.56,0.030336309956226937
52.64,0.027114409092015304
52.72,0.038347034085426286
52.8,0.05070356162556136
52.88,0.0798682986629438
52.96,0.058483844649867694
53.04,0.05571451243034576
53.12,0.057144789634257856
53.21,0.0585990105486623
53.28,0.039880303140647735
53.37,0.04521682971244137
53.44,0.0337640468209389
53.53,0.03955935689643793
53.61,0.04320987651620531
53.69,0.04317340473578693
53.77,0.03600050435048046
53.84,0.07338746146862885
53.93,0.048881009320658836
54.01,0.04882642574434434
54.09,0.04389354631701667
54.17,0.04158403811533469
54.25,0.12468969433699995
54.33,0.03883636868848797
54.41,0.04467477019835328
54.49,0.044632852497258714
54.57,0.044805306272774424
54.65,0.0743957246909284
54.73,0.05007079267882747
54.81,0.06044245613479315
54.89,0.05503134275766304
54.97,0.048708499578904885
55.05,0.05007411752763463
55.13,0.025743891085654926
55.21,0.04416508337352121
55.29,0.052247125553219
55.37,0.0526399174587872
55.45,0.044289324559810876
55.53,0.04604921604160138
55.62,0.0392689942660313
55.69,0.04278559952563833
55.77,0.04438702705009526
55.86,0.0443856143961374
55.93,0.04231835946407961
56.02,0.12563124369779177
56.09,0.055684365531508226
56.18,0.05652516255418691
56.26,0.044989595882609916
56.34,0.03515386487084764
56.42,0.03345403764348132
56.49,0.03488454194541732
56.58,0.04537731826641459
56.66,0.04575812600186256
56.74,0.04536890963654411
56.82,0.057729557118716184
56.9,0.07547989127985573
56.98,0.07415270501386412
57.06,0.07472730823356577
57.14,0.058790779390819795
57.22,0.058697182980540386
57.3,0.007515254327647882
57.38,0.07790018186095347
57.46,0.08759145601244123
57.54,0.08939845083334491
57.62,0.09159233130099415
57.7,0.12444172027004997
57.78,0.13338849890627713
57.86,0.09541606878702083
57.94,0.11363110903272688
58.02,0.11431262687350442
58.1,0.13209968149915
58.18,0.14142707228867024
58.26,0.11988057416827698
58.34,0.09687910326560628
58.42,0.0800893223588057
58.5,0.09775041550829036
58.58,0.08796737385421385
58.67,0.10610664278050515
58.74,0.1147478325669425
58.83,0.12563000157210785
58.9,0.12550900575405688
58.99,0.10740587216292499
59.07,0.04596756596665427
59.14,0.11335338770520276
59.23,0.11323962758159813
59.3,0.11269114354111812
59.39,0.11144498646017034
59.47,0.05921586174961275
59.55,0.009667822125986648
59.63,0.027006184095485584
59.71,0.028254180065297237
59.79,0.029775984454475317
59.87,0.06511530126405667
59.95,0.08601469973638545
60.03,0.06701721073825223
60.11,0.06744801836700999
60.19,0.06803531331325993
60.27,0.06354206875266288
60.35,0.08670210436894364
60.43,0.03177946887912822
60.51,0.017527140649093168
60.59,0.018009751601569684
60.67,0.018379654251842955
60.75,0.04484519502350353
60.83,0.05114671100131965
60.91,0.022046196414992246
60.99,0.010513524871584704
61.07,0.01041717279306801
61.15,0.010363777249374538
61.23,0.024216379655369297
61.31,0.024943846895554397
61.39,0.031477753125101135
61.48,0.032185770196475
61.55,0.02707077681163792
61.64,0.02775489468373739
61.71,0.016607191116842505
61.79,0.008238323952002649
61.88,0.007874203152979714
61.95,0.007512925611409754
62.04,0.0014608795487135898
62.12,0.10973732357085736
62.2,0.0024049313457767956
62.28,0.006295273574576711
62.36,0.006104265562411353
62.44,0.015512513782803878
62.52,0.013741958204633666
62.6,0.016664487614653133
62.68,0.015907750619247554
62.76,0.016331374900795174
62.84,0.022474991847412324
62.92,0.011507724009087776
63.0,0.14365639840995045
63.08,0.01445958871609531
63.16,0.03153702341658043
63.24,0.03211021184919336
63.32,0.025548908479767308
63.4,0.00855635240469041
63.48,0.016187312590837083
63.56,0.007929812905140304
63.64,0.007693803662307635
63.72,0.007863074135589423
63.8,0.00791128999729291
63.88,0.038321459757167615
63.96,0.010262789362544798
64.04,0.017597402090044473
64.13,0.017798842733626374
64.2,0.003756760049063078
64.29,0.023827928647556982
64.36,0.0060429928899758765
64.44,0.011956502962514843
64.53,0.009952399048614368
64.6,0.012068500795272035
64.69,0.029523617575221553
64.76,0.0599459171886337
64.85,0.019257619943277512
64.93,0.013188499056646284
65.01,0.005553658840832673
65.09,0.014093016400451162
65.17,0.022464437263290837
65.25,0.022340374837549134
65.33,0.01554510452811896
65.41,0.015199906246948574
65.49,0.002757531103051024
65.57,0.005685825341564471
65.65,0.028908672623680836
65.73,0.005638746767887384
65.81,0.013969228655767135
65.89,0.014138702760403871
65.97,0.01438862296974542
66.05,0.02040899374309707
66.13,0.011666130787748289
66.21,0.013435796756453282
66.29,0.013121624480390424
66.37,0.020046365525767215
66.45,0.021863230803283094
66.53,0.013884249149125494
66.61,0.004725618891906551
66.69,0.02227723767727642
66.77,0.005340779877837161
66.85,0.01307609613154323
66.93,0.059363195188385814
67.01,0.010491180968240284
67.09,0.013541618595622407
67.17,0.007068936475454747
67.25,0.019588294118210576
67.34,0.03580770226667379
67.41,0.0074816925117151935
67.5,0.004829045918717791
67.57,0.004255764738729689
67.66,0.009148986636373353
67.74,0.015549312708269872
67.82,0.03185843481892179
67.9,0.015418306102509254
67.98,0.02186315750245311
68.06,0.009690734098454064
68.14,0.009860404995791015
68.22,0.01692851082777465
68.3,0.018689739783673793
68.38,0.008724342019351352
68.46,0.0088467110489573
68.54,0.017367457731671844
68.62,0.007980590292380239
68.7,0.024434735455233596
68.78,0.000603119296825382
68.86,0.007971415283165301
68.94,0.0009689440241166297
69.02,0.023189609666358454
69.1,0.05787263481718588
69.18,0.039711035815330156
69.26,0.023101140279808426
69.34,0.0019904373329484824
69.42,0.0193988378370099
69.5,0.0149968303632998
69.58,0.007884298764017836
69.66,0.014274043513919085
69.74,0.008445915473165979
69.82,0.024059873850398164
69.9,0.013027493815485755
69.99,0.06398096471895466
70.06,0.013178989788536951
70.15,0.022066625203225342
70.22,0.017777075375768864
70.31,0.00829944989189031
70.39,0.018101406400995966
70.46,0.012158688730066237
70.55,0.028629601059048833
70.63,0.021948217443472712
70.71,0.011074069943246296
70.79,0.007857463784559
70.87,0.04184301833469242
70.95,0.004704649797796259
71.03,0.014091283937261681
71.11,0.018305786220831028
71.19,0.009501940902835617
71.27,0.021252655973908408
71.35,0.009248183692957105
71.43,0.00956847859967308
71.51,0.009025059341497148
71.59,0.008678495347886365
71.67,0.016542860876440003
71.75,0.038473255446594606
71.83,0.0018647554847714876
71.91,0.02424982116061297
71.99,0.02400910341334398
72.07,0.007391481853718007
72.15,0.09122042666025687
72.23,0.00701866522462541
72.31,0.006855558249275355
72.39,0.01884717871495827
72.47,0.026520240445142694
72.55,0.019853940128056535
72.63,0.01095728530408059
72.71,0.011395330325805841
72.8,0.012965472752768988
72.87,0.00463320621681451
72.96,0.006677420881713511
73.03,0.06888085064010638
73.12,0.012314469313588143
73.2,0.0120559320964898
73.28,0.017649865562826165
73.36,0.01782137414187273
73.43,0.023530978768140694
73.52,0.006378621164658655
73.6,0.00640409796731099
73.68,0.005671632227752607
73.76,0.028339389925924545
73.84,0.010838657142835698
73.92,0.07056393934023972
74.0,0.010934695205623995
74.08,0.006637777871668199
74.16,0.006663593353975258
74.24,0.006670378173837735
74.32,0.018908864624029496
74.4,0.014303996586510362
74.48,0.014749644979749071
74.56,0.009228727314089667
74.64,0.026120204175566424
74.72,0.02478928076948835
74.8,0.04851229121321312
74.88,0.02008900876655864
74.96,0.004657852916178755
75.04,0.015914308113511216
75.12,0.008051901949472518
75.2,0.04341515683110813
75.28,0.004849980614724461
75.36,0.0073181144526539964
75.44,0.008084326334080797
75.52,0.008117197030366818
75.61,0.06883023546026254
75.68,0.012531449994039802
75.77,0.011095113722233024
75.84,0.013821313658056835
75.93,0.005777960417221733
76.01,0.004545844833394953
76.09,0.09161248890144338
76.17,0.004461019611734865
76.25,0.004330463381484107
76.33,0.013720477626533813
76.41,0.010951523054428031
76.49,0.010924942070648843
76.57,0.014466394905244923
76.65,0.014067858079182967
76.73,0.0049347560613325755
76.81,0.00512953627237919
76.89,0.03942860871013291
76.97,0.07116600977144055
77.05,0.018371915592127953
77.13,0.018194777053065027
77.21,0.014231407012178473
77.29,0.023211126665606836
77.37,0.05814168036602384
77.45,0.018265148272794688
77.53,0.004028207512415759
77.61,0.017269303649415372
77.69,0.023582414913443706
77.77,0.010584354383826187
77.85,0.03042769571624077
77.93,0.00449738453283529
78.01,0.017921183802872054
78.09,0.0045984228582520055
78.18,0.017660059068662113
78.26,0.08310552190046522
78.33,0.014540701723404765
78.42,0.007141972570801184
78.49,0.007417859133378793
78.58,0.03199726369347206
78.66,0.025338129075491395
78.74,0.04912768174746497
78.82,0.00948996193056891
78.89,0.006900407070325926
78.98,0.016206152737836797
79.06,0.00860272754632237
79.14,0.042159125359781925
79.22,0.00921412340874111
79.3,0.009679699491218116
79.38,0.021500518610732662
79.46,0.014773718942410766
79.54,0.038852722186829405
79.62,0.019243116473309653
79.7,0.017249248090890255
79.78,0.017653568152056192
79.86,0.005095072483108061
79.94,0.0056922347821462115
80.02,0.02334985722048964
80.1,0.011970268648589836
80.18,0.01221498749912343
80.26,0.01255716165849014
80.34,0.012727694877582874
80.42,0.053828010695463016
80.5,0.03590904446195373
80.58,0.0043717009215793355
80.66,0.004197517022532314
80.74,0.028080347485569458
80.82,0.012189698457504524
80.9,0.07562603980125648
80.98,0.01332319782020143
81.07,0.02035671825455867
81.14,0.014344530817935087
81.23,0.0033369861324577337
81.3,0.005448919022761644
81.38,0.013983129578935686
81.47,0.005793937210298137
81.54,0.022453248930980642
81.63,0.0163224863488183
81.7,0.013274890912052357
81.79,0.03610836452754894
81.87,0.012873041927695734
81.95,0.01876246040040478
82.03,0.018804573132328722
82.11,0.0029212685200858744
82.19,0.014360726279907539
82.27,0.0062099981457199105
82.35,0.0027474582747659473
82.43,0.00272245770276799
82.51,0.0026904830746870023
82.59,0.018123602405935395
82.67,0.025653336630496956
82.75,0.006768615838552261
82.83,0.00698948441743409
82.91,0.023599444222435033
82.99,0.02373881677453
83.07,0.0176909344305709
83.15,0.03372006907716768
83.23,0.0028470023369378383
83.31,0.0028242868890985882
83.39,0.0027993551327726344
83.48,0.02436703024594975
83.55,0.06438656407341695
83.63,0.01762794665379881
83.71,0.010779821341449315
83.79,0.016301194779072922
83.88,0.024940510971290693
83.95,0.06427766896671576
84.04,0.016470159775728282
84.11,0.002469633113904114
84.19,0.0024617697866136093
84.28,0.002416565977268789
84.35,0.04301289422665601
84.44,0.039133276630471274
84.51,0.0019022907505174607
84.6,0.0018339453372413412
84.68,0.0017942815316877346
84.76,0.008848742946578687
84.84,0.030050704128807205
84.92,0.010850971841062637
85.0,0.01631067914660269
85.08,0.010757599042141693
85.16,0.016048537374081285
85.24,0.0019323586071280819
85.32,0.0018989901087764032
85.4,0.0018859398569405139
85.48,0.0018896112090816888
85.56,0.009483124234799835
85.64,0.025742527477687255
85.72,0.08361569956272669
85.8,0.017833692804884574
85.88,0.02212966261768616
85.96,0.021761488414465784
86.04,0.009996469708597681
86.12,0.026893989454804715
86.2,0.010040489632898365
86.28,0.0037525673582436106
86.36,0.0035569019840056707
86.44,0.009707402090083523
86.53,0.01481314601403376
86.6,0.03786708143587002
86.69,0.017031668847148636
86.76,0.017052268338044012
86.84,0.01693737860945584
86.93,0.009242769456249243
87.0,0.057408343361926364
87.09,0.007984167819794066
87.16,0.009193575781902804
87.25,0.008298603162875937
87.33,0.008810896458823377
87.41,0.00868387854391511
87.49,0.005576007883232661
87.57,0.02424189643306334
87.65,0.015739408808926898
87.73,0.008815709090601446
87.81,0.009014206746453014
87.89,0.026443013624907453
87.97,0.026820784377550762
88.05,0.033926238929237566
88.13,0.03419934915179694
88.21,0.027431215219124505
88.29,0.01010131105242071
88.37,0.009827646553456519
88.45,0.014150098027067145
88.53,0.022243956854646574
88.61,0.003548521529490394
88.69,0.014638547897452546
88.77,0.057830164539501405
88.85,0.02747346663626181
88.93,0.035182884296547166
89.01,0.027855796869537156
89.09,0.02079705397911708
89.17,0.06554879919839476
89.25,0.027420982371931548
89.33,0.011086292669578675
89.41,0.019519287203623826
89.49,0.011272702969044984
89.57,0.011336366645065741
89.65,0.018523653917054936
89.74,0.03728836939628039
89.81,0.01974487052557284
89.9,0.005524855777787554
89.97,0.003067858935708917
90.06,0.011230191772007988
90.14,0.003380784597942704
90.22,0.013552283598883367
90.3,0.013842705303834116
90.38,0.011385759754851545
90.46,0.004212469426511897
90.54,0.02758731798019363
90.62,0.025042665181791712
90.7,0.04093464263999154
90.78,0.024608638101566237
90.86,0.024413359640960485
90.94,0.06054617894755662
91.02,0.011758328941565425
91.1,0.02081511465352091
91.18,0.00686284250212433
91.26,0.014974012670687046
91.34,0.024009511842151866
91.42,0.008570251129912752
91.5,0.011854866455411967
91.58,0.029773681587907927
91.66,0.013153820599938243
91.74,0.01121735356359644
91.82,0.035930545246007646
91.9,0.012737627025140162
91.98,0.020925633178597997
92.06,0.03553973206951884
92.14,0.020687038548852527
92.22,0.01501774488469936
92.3,0.02017917003326825
92.39,0.013494097176240172
92.46,0.013964491810760652
92.55,0.01438598558768758
92.62,0.019254850977780916
92.71,0.016717412090972
92.79,0.015857806138417647
92.87,0.01680950784037881
92.95,0.016930375735028695
93.03,0.01666599076350153
93.11,0.04499265717537148
93.19,0.02798444946440312
93.27,0.011569361758117073
93.35,0.012432987537871839
93.43,0.008743880154268203
93.51,0.01151053701616727
93.59,0.04098527409806884
93.67,0.019648333162711633
93.75,0.019194249613307592
93.83,0.01867039332510537
93.91,0.010649281736569507
93.99,0.051271115630252405
94.07,0.012105629763876673
94.15,0.02916424801497687
94.23,0.029814709384142577
94.31,0.030151677853446242
94.39,0.030665249384263203
94.47,0.040518715221353
94.55,0.013017404008700495
94.63,0.01301032131543809
94.71,0.01645983512613195
94.79,0.024393061405822425
94.87,0.02243737776362994
94.95,0.01470556437554306
95.03,0.03224740528863714
95.11,0.03928273818728163
95.2,0.016251704585138388
95.27,0.03407715860409656
95.36,0.018415281506859497
95.43,0.025603941146541454
95.52,0.025031800644343866
95.6,0.0034752039855855256
95.68,0.00339272045896999
95.76,0.08735759912599489
95.83,0.02550345510129525
95.92,0.019691379898979906
96.0,0.02010592181115825
96.08,0.008799457509097566
96.16,0.029160973427215145
96.24,0.0037603586949474677
96.32,0.004122411641577001
96.4,0.011540708857784049
96.48,0.012100718889646409
96.56,0.00551685433220273
96.64,0.09634224008806119
96.72,0.02289876092408761
96.8,0.017676160107608297
96.88,0.03434952279994196
96.96,0.04051363438998267
97.04,0.07780821331517332
97.12,0.01464090433000415
97.2,0.014938405334668845
97.28,0.006592094969494089
97.36,0.015346835232603223
97.44,0.04257337657193198
97.52,0.05288767276040889
97.6,0.031123465685405492
97.68,0.03140835014361896
97.76,0.015347556899117877
97.84,0.0075057909314814875
97.92,0.007474607610124919
98.01,0.00859787581815157
98.08,0.015628114948858497
98.17,0.01575693338204615
98.24,0.02464420476645289
98.33,0.03033707226055139
98.41,0.026341456875654853
98.48,0.002493025999781415
98.57,0.012255241639093431
98.64,0.011274791204932591
98.73,0.006961649711617294
98.81,0.024406527345275663
98.89,0.006852587286118017
98.97,0.029949401221448888
99.05,0.029931274680573404
99.13,0.006943483877031975
99.21,0.08226788075217417
99.29,0.06635002177135678
99.37,0.01623748632110901
99.45,0.015433277348604082
99.53,0.015432358584300155
99.61,0.004383371209607184
99.69,0.11587511154680341
99.77,0.017396783377291093
99.85,0.01655543485817494
99.93,0.019654220931623216
100.01,0.015898916763689146
100.09,0.01934834099611997
100.17,0.01821650700879624
100.25,0.018370047910657248
100.33,0.018663202325193296
100.41,0.008912268776143597
100.49,0.04434809679333173
100.57,0.06956486810930962
100.66,0.027751512928090073
100.73,0.01576760934532932
100.82,0.01928280146802526
100.89,0.008806964826921275
100.98,0.038426306009447346
101.06,0.015591466002084976
101.13,0.01902108781782191
101.22,0.019060307662652445
101.29,0.022373466010835428
101.38,0.014666882391612977
101.46,0.10433913901223021
101.54,0.008712226425991796
101.62,0.019613097739993965
101.7,0.020816864441789696
101.78,0.015622787159757328
101.86,0.02358747697155788
101.94,0.0082493451946008
102.02,0.019906118528262073
102.1,0.034758364037371904
102.18,0.01984077126968168
102.26,0.03953938764059597
102.34,0.012455075578949624
102.42,0.011474117590601648
102.5,0.008694236358011429
102.58,0.00889614022241619
102.66,0.02524777105390475
102.74,0.009309995238057235
102.82,0.020550466313692714
102.9,0.02146512906188902
102.99,0.009302885478741894
103.06,0.009497629810196551
103.14,0.03272324935646841
103.22,0.048102931882012624
103.3,0.027888388582204687
103.38,0.02803717547812612
103.47,0.04514492785838428
103.54,0.02312905757953857
103.63,0.030406904318465395
103.7,0.00832610913064853
103.79,0.028614451390417336
103.87,0.039695099238691994
103.94,0.010780986467682272
104.03,0.05087364271426046
104.1,0.017021215314245393
104.19,0.029084733974197037
104.27,0.022683800589977772
104.35,0.018145474762253224
104.43,0.02014471330212594
104.51,0.007727970019396927
104.59,0.016771163915195182
104.67,0.006273433521836383
104.75,0.005754497918330664
104.83,0.003977837801437942
104.91,0.020816705148333017
104.99,0.04508619038806246
105.07,0.0287428535011627
105.15,0.01316492727972772
105.23,0.013359083845862048
105.31,0.021099686728704884
105.39,0.03631481336013373
105.47,0.0056149037728258
105.55,0.005865203801371392
105.63,0.014363446999964608
105.71,0.028860650945178992
105.79,0.04486430966306654
105.87,0.03729773181130516
105.95,0.023310523689172618
106.03,0.029149561241298173
106.11,0.04497701513438172
106.19,0.049494893568724635
106.28,0.08434276157929846
106.35,0.015121480286765191
106.43,0.0366114052090188
106.51,0.037148422421254046
106.59,0.036073550520270316
106.68,0.02319410932904086
106.75,0.04299779914397868
106.84,0.05058454509589528
106.91,0.050077826705120926
107.0,0.018033589109371518
107.08,0.020573951217149517
107.16,0.05423963389698944
107.24,0.013719200990530683
107.32,0.013560348711883075
107.4,0.013422420374864281
107.48,0.015105046568596464
107.56,0.04034211538432014
107.64,0.013744785792101864
107.72,0.02166279225553041
107.8,0.01358989882245954
107.88,0.014806757975748645
107.96,0.04445962315774319
108.04,0.026451109513681646
108.12,0.0249444486093504
108.2,0.014127213298719144
108.28,0.013643518813260128
108.36,0.002432138550896508
108.44,0.0497185946016091
108.52,0.01496863309709629
108.6,0.027804877038001188
108.68,0.003969644521348393
108.76,0.004741980542659866
108.84,0.04002891141332457
108.92,0.024167064369041456
109.0,0.04105339900099875
109.08,0.03590441001765479
109.16,0.006921854697451688
109.24,0.006940968632570866
109.33,0.09393624214596431
109.4,0.01776752371261893
109.49,0.017856334502042596
109.56,0.017850446672643672
109.65,0.006256752730441415
109.73,0.006333580486503103
109.81,0.03412134644839325
109.89,0.027577418581463252
109.97,0.028306842618098363
110.05,0.012587049954340828
110.13,0.009472414492337424
110.21,0.057742641427679146
110.29,0.023639165414622212
110.37,0.023938039882741024
110.45,0.007407244834067371
110.53,0.010082012751957489
110.61,0.09625904036365507
110.69,0.008582276822167893
110.77,0.032455769449880864
110.85,0.004189946091266631
110.93,0.004129549583228159
111.01,0.007739945549296851
111.09,0.055853254654318035
111.17,0.00737774364919837
111.25,0.01715466947024822
111.34,0.017513674810884134
111.41,0.02569948061603157
111.49,0.05960918405479544
111.57,0.03539745696682499
111.65,0.03563946731762667
111.74,0.03599302415211529
111.81,0.011981502012128557
111.89,0.008544193211463031
111.97,0.06854021740895154
112.05,0.006119349822625175
112.14,0.006251837233482956
112.21,0.01085297011725054
112.3,0.02783917223147288
112.37,0.010524711697220543
112.46,0.010335328631098687
112.54,0.010176878752241688
112.62,0.010031732437641888
112.7,0.009825935512547368
112.78,0.04162289375300542
112.86,0.00946517196442379
112.94,0.008827115406078657
113.02,0.014783963637462432
113.1,0.014649677311840413
113.18,0.017662470767733453
113.26,0.01992146905348087
113.34,0.017383988626621546
113.42,0.009180401488754365
113.5,0.014848865872242776
113.58,0.02135599003937158
113.66,0.02620012509826164
113.74,0.04762839768479663
113.82,0.011051166377061189
113.9,0.011220402597246831
113.98,0.007992119214253465
114.06,0.03185860144500723
114.14,0.055887196113329145
114.22,0.02464731416932734
114.3,0.02447954826363602
114.38,0.02454072037157391
114.46,0.024364772990677318
114.54,0.01590661671719231
114.62,0.026284571984369853
114.7,0.015183839566535955
114.79,0.01496610044788173
114.86,0.014747808907288612
114.95,0.01448504150745796
115.02,0.019479358242132348
115.11,0.012671504975117362
115.19,0.03138123311996146
115.27,0.03169575652932964
115.35,0.021395460710674042
115.43,0.01280308719387598
115.51,0.03699663820601977
115.59,0.017380372852808454
115.67,0.02716054438595453
115.75,0.015089810014729985
115.83,0.012320847040533493
115.91,0.0738976288863302
115.99,0.00519096973730393
116.07,0.005239581251473705
116.15,0.011809411453072583
116.23,0.017329145499672342
116.31,0.030864786142959746
116.39,0.04222504709935107
116.47,0.03607458331792712
116.55,0.03655993609510508
116.63,0.03682102850905201
116.71,0.016724733986722404
116.79,0.05367946783116654
116.87,0.017481709889615185
116.95,0.016829435022767833
117.03,0.020480788925724705
117.11,0.016749350722325747
117.19,0.055688234955039224
117.27,0.016382230587492153
117.35,0.016754365166280125
117.43,0.008589075760260164
117.51,0.014358345635815731
117.6,0.013947632613418233
117.67,0.054860510632487695
117.76,0.01095997563810245
117.83,0.038244840229988336
117.92,0.02160038120657334
118.0,0.01659279837766698
118.08,0.0522152732640953
118.16,0.005994762957964812
118.23,0.005596942107440522
118.32,0.013775708058081258
118.4,0.032253122488279176
118.48,0.021658551710649513
118.56,0.019696799382500227
118.64,0.0055185657084866665
118.72,0.005759559111571245
118.8,0.005987020926099633
118.88,0.030563781868066128
118.96,0.020859643426449172
119.04,0.034142450124856207
119.12,0.017409367913316844
119.2,0.010188338832028647
119.28,0.01695978530730196
119.36,0.023640256943176386
119.44,0.03127652152103495
119.52,0.028631397697512235
119.6,0.023713624673577557
119.68,0.007477408234837619
119.76,0.0012148578572443935
119.84,0.024087444204243448
119.92,0.013371390490371789
120.0,0.008005897555070737
120.08,0.011147066588013803
120.16,0.01603794292187772
120.24,0.06428501521096235
120.33,0.03911674640469504
120.41,0.015282415239690992
120.48,0.02553293341184457
120.57,0.014980535739418748
120.64,0.008684301006410782
120.73,0.043826406804710075
120.81,0.0048261205310524795
120.89,0.011142915931083106
120.97,0.010680353825942778
121.04,0.028410327086748167
121.13,0.04006753513422478
121.21,0.029072629324351885
121.29,0.020493040761975757
121.37,0.03612459746946323
121.45,0.012251087938460713
121.53,0.007976732225829916
121.61,0.03389528584318551
121.69,0.021751128449750082
121.77,0.01355138166780278
121.85,0.009455029022594494
121.93,0.011009726796502972
122.01,0.024808410943464358
122.09,0.009473818640998163
122.17,0.011414408253623571
122.25,0.026560589375832683
122.33,0.01835519238979182
122.42,0.022754715666796058
122.49,0.05015449722739673
122.57,0.017711548898950734
122.65,0.03255601827925323
122.73,0.008896880202891607
122.81,0.01678923875611063
122.89,0.028491340065398878
122.97,0.0006515708146585302
123.05,0.023215203420513725
123.13,0.022993957483132543
123.22,0.030669930891522947
123.29,0.01553596565189772
123.38,0.029817948854423335
123.45,0.023504750711581267
123.54,0.023822861758183485
123.62,0.00725315664192947
123.69,0.014162709389647747
123.78,0.08863876181403901
123.87,0.009059171928495136
123.94,0.00757567396262765
124.02,0.01130890517502458
124.1,0.007029792550000518
124.18,0.061823077876406216
124.26,0.03664261091767062
124.34,0.025403101459829637
124.42,0.011936820027459959
124.5,0.026472023529537522
124.58,0.02504058179463978
124.66,0.0468607733118305
124.74,0.028176840422124788
124.82,0.028951023479285833
124.9,0.014693262896127315
124.99,0.012142238646226756
125.06,0.020065198202299545
